{"ProjectBreakpoints":"{\"Value\":{},\"CodeBreakpoints\":{}}","Compiler":"2","ProjectWatches":"{\"Value\":[]}","OpenedDocuments":"[{\"DocumentPath\":\"Main.xaml\",\"FactoryId\":\"{ACB8E7BA-F093-44C1-9B50-33ECA51AAE16}\"},{\"DocumentPath\":\"Using_Selector.xaml\",\"FactoryId\":\"{ACB8E7BA-F093-44C1-9B50-33ECA51AAE16}\"}]","ProjectActivitiesViewState":"{\"Main.xaml\":[{\"ActivityIdRef\":\"SendMail_1\",\"IsAdvancedOptionsExpanded\":false,\"Categories\":{\"Connection Details\":true,\"Common\":true,\"Forward\":true,\"Options\":true,\"Receiver\":true,\"Sender\":true,\"Output\":true},\"Widgets\":{}}],\"Using_Selector.xaml\":[{\"ActivityIdRef\":\"Delay_1\",\"IsAdvancedOptionsExpanded\":false,\"Widgets\":{}}]}"}